alpha,best_val_mse,epoch_to_threshold
0.1,46.14477534731727,11.0
0.05,46.144775347318266,25.0
0.01,46.16088648692358,131.0
0.005,47.283608847484636,263.0
0.001,189.78052036139982,
