model,train_mse,val_mse
univariate_gd(alpha=0.1),42.996615562654036,46.14477534731727
univariate_closed_form,42.996615562654036,46.144775347317264
closed_form_lambda0,21.641412753226312,24.291119474973552
sklearn_linear_regression,21.641412753226316,24.29111947497352
