lambda,train_mse,val_mse
0.0,21.641412753226312,24.291119474973552
1e-05,21.641412753226458,24.291119709253405
0.001,21.641412754658415,24.291142902987445
0.01,21.641412896361597,24.291353757523474
0.1,21.641426991849652,24.293462505961106
